Digital Artwork|digital_artwork
Traditional Artwork|traditional_artwork
Cellshading|cellshading
Crafting|crafting
Designs|designs
Fursuiting|fursuiting
Icons|icons
Mosaics|mosaics
Photography|photography
Culinary|culinary
Short Stories|short_stories
Poetry|poetry
Prose|prose
Music|music
Podcasts|podcasts
Streaming|streaming
Videos|videos
3D Models|3d_models
Skins|skins
Resources|resources
Adoptables|adoptables
Auctions|auctions
Contests|Contests
Stock Art|stock
Screenshots|screenshots
Scraps|scraps
Wallpapers|wallpapers
YCHs and Sales|YCHs
Other|other
